{"cameraMode":{"drawMode":0,"name":"Shaded","section":"Shading Mode"},"sceneLighting":true,"audioPlay":false,"sceneViewState":{"showFog":true,"showMaterialUpdate":true,"showSkybox":true,"showFlares":true,"showImageEffects":true,"showParticleSystems":true},"in2DMode":false,"pivot":{"x":359.2254943847656,"y":-1.737839698791504,"z":240.32156372070313},"rotation":{"x":0.07483363896608353,"y":0.9240991473197937,"z":-0.24088969826698304,"w":0.2870763838291168},"size":23.98295021057129,"orthographic":false}