{"cameraMode":{"drawMode":0,"name":"Shaded","section":"Shading Mode"},"sceneLighting":false,"audioPlay":false,"sceneViewState":{"showFog":false,"showMaterialUpdate":false,"showSkybox":false,"showFlares":false,"showImageEffects":false,"showParticleSystems":false},"in2DMode":false,"pivot":{"x":0.30000001192092898,"y":0.800000011920929,"z":0.029999999329447748},"rotation":{"x":-0.2938503921031952,"y":0.3738824129104614,"z":-0.12618733942508698,"w":-0.8706552982330322},"size":4.1600518226623539,"orthographic":true}