{"cameraMode":{"drawMode":0,"name":"Shaded","section":"Shading Mode"},"sceneLighting":false,"audioPlay":false,"sceneViewState":{"showFog":false,"showMaterialUpdate":false,"showSkybox":false,"showFlares":false,"showImageEffects":false,"showParticleSystems":false},"in2DMode":false,"pivot":{"x":-0.08716297149658203,"y":1.997223138809204,"z":-3.6086301803588869},"rotation":{"x":0.18757694959640504,"y":0.5846233367919922,"z":-0.1412096470594406,"w":0.7765898108482361},"size":3.939195394515991,"orthographic":false}