{"cameraMode":{"drawMode":0,"name":"Shaded","section":"Shading Mode"},"sceneLighting":false,"audioPlay":false,"sceneViewState":{"showFog":false,"showMaterialUpdate":false,"showSkybox":false,"showFlares":false,"showImageEffects":false,"showParticleSystems":false},"in2DMode":false,"pivot":{"x":366.239990234375,"y":0.36000001430511477,"z":273.04998779296877},"rotation":{"x":-0.3056609332561493,"y":-0.35271328687667849,"z":0.12290564924478531,"w":-0.8758730292320252},"size":10.0,"orthographic":true}