{"cameraMode":{"drawMode":0,"name":"Shaded","section":"Shading Mode"},"sceneLighting":true,"audioPlay":false,"sceneViewState":{"showFog":false,"showMaterialUpdate":false,"showSkybox":false,"showFlares":false,"showImageEffects":false,"showParticleSystems":false},"in2DMode":false,"pivot":{"x":206.193359375,"y":102.81058502197266,"z":261.8625793457031},"rotation":{"x":-0.043690379709005359,"y":-0.9179404973983765,"z":0.3802036941051483,"w":-0.10505732148885727},"size":177.900634765625,"orthographic":true}