{"cameraMode":{"drawMode":0,"name":"Shaded","section":"Shading Mode"},"sceneLighting":false,"audioPlay":false,"sceneViewState":{"showFog":false,"showMaterialUpdate":false,"showSkybox":false,"showFlares":false,"showImageEffects":false,"showParticleSystems":false},"in2DMode":false,"pivot":{"x":-0.06562185287475586,"y":0.7960395812988281,"z":0.020685672760009767},"rotation":{"x":0.13949310779571534,"y":0.7625182271003723,"z":-0.17524206638336183,"w":0.6069627404212952},"size":7.413375377655029,"orthographic":false}