{"cameraMode":{"drawMode":0,"name":"Shaded","section":"Shading Mode"},"sceneLighting":false,"audioPlay":false,"sceneViewState":{"showFog":false,"showMaterialUpdate":false,"showSkybox":false,"showFlares":false,"showImageEffects":false,"showParticleSystems":false},"in2DMode":false,"pivot":{"x":-1.6196738481521607,"y":1.047416090965271,"z":3.535301446914673},"rotation":{"x":0.07410985231399536,"y":-0.7032124996185303,"z":0.07410988211631775,"w":0.7032124996185303},"size":5.607278823852539,"orthographic":false}