{"cameraMode":{"drawMode":0,"name":"Shaded","section":"Shading Mode"},"sceneLighting":false,"audioPlay":false,"sceneViewState":{"showFog":false,"showMaterialUpdate":false,"showSkybox":false,"showFlares":false,"showImageEffects":false,"showParticleSystems":false},"in2DMode":false,"pivot":{"x":225.95985412597657,"y":-0.6545702219009399,"z":223.22348022460938},"rotation":{"x":0.018679967150092126,"y":0.9779191613197327,"z":-0.1825016289949417,"w":0.10009516030550003},"size":3.9494524002075197,"orthographic":false}