{"cameraMode":{"drawMode":0,"name":"Shaded","section":"Shading Mode"},"sceneLighting":false,"audioPlay":false,"sceneViewState":{"showFog":false,"showMaterialUpdate":false,"showSkybox":false,"showFlares":false,"showImageEffects":false,"showParticleSystems":false},"in2DMode":false,"pivot":{"x":0.7128300666809082,"y":0.8075927495956421,"z":1.5835492610931397},"rotation":{"x":0.10505955666303635,"y":0.7110451459884644,"z":-0.10877754539251328,"w":0.686703622341156},"size":2.49062442779541,"orthographic":false}