{"cameraMode":{"drawMode":0,"name":"Shaded","section":"Shading Mode"},"sceneLighting":false,"audioPlay":false,"sceneViewState":{"showFog":false,"showMaterialUpdate":false,"showSkybox":false,"showFlares":false,"showImageEffects":false,"showParticleSystems":false},"in2DMode":false,"pivot":{"x":-1.477279782295227,"y":0.5721849799156189,"z":-3.7926480770111086},"rotation":{"x":0.13663139939308167,"y":0.7666712999343872,"z":-0.1737765520811081,"w":0.6027894020080566},"size":7.534992694854736,"orthographic":false}