{"cameraMode":{"drawMode":0,"name":"Shaded","section":"Shading Mode"},"sceneLighting":false,"audioPlay":false,"sceneViewState":{"showFog":false,"showMaterialUpdate":false,"showSkybox":false,"showFlares":false,"showImageEffects":false,"showParticleSystems":false},"in2DMode":false,"pivot":{"x":0.35692262649536135,"y":2.036996364593506,"z":-2.166529655456543},"rotation":{"x":0.28337666392326357,"y":0.023013416677713395,"z":-0.006802309770137072,"w":0.9587087035179138},"size":2.6922895908355715,"orthographic":false}