{"cameraMode":{"drawMode":0,"name":"Shaded","section":"Shading Mode"},"sceneLighting":false,"audioPlay":false,"sceneViewState":{"showFog":false,"showMaterialUpdate":false,"showSkybox":false,"showFlares":false,"showImageEffects":false,"showParticleSystems":false},"in2DMode":false,"pivot":{"x":2.384185791015625e-7,"y":0.94549959897995,"z":0.35848259925842287},"rotation":{"x":-0.20621703565120698,"y":0.7895199656486511,"z":-0.3599996566772461,"w":-0.45225754380226138},"size":2.942636728286743,"orthographic":false}