{"cameraMode":{"drawMode":0,"name":"Shaded","section":"Shading Mode"},"sceneLighting":false,"audioPlay":false,"sceneViewState":{"showFog":false,"showMaterialUpdate":false,"showSkybox":false,"showFlares":false,"showImageEffects":false,"showParticleSystems":false},"in2DMode":false,"pivot":{"x":250.47605895996095,"y":3.619508743286133,"z":256.5679931640625},"rotation":{"x":0.13427983224391938,"y":0.8119609355926514,"z":-0.2059422880411148,"w":0.5294166207313538},"size":2.044961452484131,"orthographic":false}