{"cameraMode":{"drawMode":0,"name":"Shaded","section":"Shading Mode"},"sceneLighting":true,"audioPlay":false,"sceneViewState":{"showFog":false,"showMaterialUpdate":false,"showSkybox":false,"showFlares":false,"showImageEffects":false,"showParticleSystems":false},"in2DMode":false,"pivot":{"x":224.38882446289063,"y":56.798500061035159,"z":223.12538146972657},"rotation":{"x":-0.09157399088144303,"y":0.8980342149734497,"z":0.22375932335853578,"w":0.36755451560020449},"size":24.099061965942384,"orthographic":false}