{"cameraMode":{"drawMode":0,"name":"Shaded","section":"Shading Mode"},"sceneLighting":false,"audioPlay":false,"sceneViewState":{"showFog":false,"showMaterialUpdate":false,"showSkybox":false,"showFlares":false,"showImageEffects":false,"showParticleSystems":false},"in2DMode":false,"pivot":{"x":374.37994384765627,"y":0.39193761348724368,"z":274.0684509277344},"rotation":{"x":0.1045479029417038,"y":0.7677613496780396,"z":-0.12973518669605256,"w":0.6186977028846741},"size":1.584686040878296,"orthographic":false}