{"cameraMode":{"drawMode":0,"name":"Shaded","section":"Shading Mode"},"sceneLighting":false,"audioPlay":false,"sceneViewState":{"showFog":false,"showMaterialUpdate":false,"showSkybox":false,"showFlares":false,"showImageEffects":false,"showParticleSystems":false},"in2DMode":false,"pivot":{"x":-2.254887104034424,"y":2.274029016494751,"z":1.1475248336791993},"rotation":{"x":0.02878226712346077,"y":-0.9502416849136353,"z":0.09236638993024826,"w":0.2961427867412567},"size":6.732038974761963,"orthographic":false}